-326.1354675292969,237.57861328125,23.538848876953125,-8.415872573852539,-37.97895812988281,-35.65224838256836,-23.263675689697266,6.852534770965576,-11.842082023620605,7.508506774902344,11.479076385498047,-13.904308319091797,0.09698083996772766,-5.297521591186523,-5.236490249633789,17.681467056274414,-4.462124824523926,-25.26761817932129,0.37755700945854187,6.617340087890625,19.9631404876709,10.676618576049805,7.280651092529297,7.391744613647461,4.996087074279785,6.592513084411621,3.589343547821045,5.158238410949707,5.097324371337891,4.885000705718994,5.23258113861084,5.109590530395508,5.568443298339844,6.552557468414307,3.4918715953826904,4.741125583648682,3.040955066680908,4.05348539352417,4.551926612854004,3.278238296508789,0
-278.49163818359375,240.46817016601562,-14.027771949768066,-14.531546592712402,-12.291163444519043,-34.144325256347656,-30.826923370361328,20.284393310546875,-5.002526760101318,1.5692477226257324,17.310562133789062,-5.116866111755371,4.655804634094238,0.1455443650484085,-6.636160850524902,22.742958068847656,4.153440475463867,-22.509857177734375,-15.372330665588379,5.065753936767578,18.48408317565918,6.6715826988220215,7.631695747375488,3.2969701290130615,3.077500343322754,3.6973376274108887,5.886537551879883,4.051992416381836,3.0065653324127197,2.1969802379608154,4.502021789550781,3.6695892810821533,1.970791220664978,2.26885724067688,4.260026454925537,2.6383259296417236,2.2730886936187744,2.0454115867614746,2.932616949081421,2.7066099643707275,0
-212.67507934570312,217.73751831054688,-17.70204734802246,-30.730972290039062,-25.942520141601562,-19.33374786376953,-38.49177169799805,15.930281639099121,-1.200353741645813,1.0362625122070312,9.393633842468262,-20.527645111083984,9.36479663848877,1.7810695171356201,-2.911381244659424,13.920611381530762,-4.684371471405029,-20.970510482788086,-6.59163236618042,-4.616392612457275,22.009971618652344,15.290122985839844,14.430720329284668,5.730702877044678,6.739892482757568,9.70305061340332,10.714969635009766,3.4076638221740723,6.620394229888916,4.677626609802246,6.937521457672119,11.219916343688965,3.295182466506958,2.3362672328948975,4.601755619049072,8.204460144042969,4.985583305358887,4.480520248413086,4.772660255432129,10.380054473876953,0
-312.4041748046875,237.25233459472656,6.479206562042236,-7.816704750061035,-29.782560348510742,-23.61798858642578,-24.18292808532715,10.411541938781738,-0.8565483093261719,5.590786933898926,11.030308723449707,-5.250575542449951,8.274004936218262,0.07124197483062744,-1.5428012609481812,29.57884979248047,0.3500056862831116,-21.41994857788086,-14.02901554107666,6.849838733673096,28.38210678100586,5.20117712020874,18.168861389160156,4.526350498199463,7.7223591804504395,6.325773239135742,7.203500747680664,8.764883041381836,3.0508346557617188,5.540004730224609,3.328854560852051,2.8786981105804443,5.956099510192871,5.107112884521484,4.040343761444092,3.7997772693634033,5.418342590332031,3.592773199081421,3.325474262237549,2.8445956707000732,0
-422.88623046875,105.99604034423828,18.07122039794922,20.009544372558594,19.913434982299805,3.4570109844207764,-8.183538436889648,1.4617605209350586,5.94094705581665,1.4471033811569214,4.370706558227539,0.9268106818199158,-1.8677141666412354,-0.6888635158538818,2.20027232170105,2.2542028427124023,-4.965564250946045,-6.341784477233887,-3.308471202850342,-1.274503231048584,103.18580627441406,73.56163787841797,39.360694885253906,25.339996337890625,33.129974365234375,20.506366729736328,16.537263870239258,9.03004264831543,11.50822925567627,8.20263385772705,9.238643646240234,6.821138858795166,8.639861106872559,6.441085338592529,4.888176918029785,10.42894458770752,10.129130363464355,10.75546932220459,6.645709037780762,7.705139636993408,0
-381.1192932128906,150.1084747314453,-56.29256820678711,49.59403991699219,59.59946060180664,41.59987258911133,-42.28593826293945,-14.106029510498047,28.826486587524414,-16.383056640625,-15.55190658569336,1.7556664943695068,-17.623628616333008,-11.514711380004883,5.80073881149292,-5.921435832977295,-20.193742752075195,-0.5158407092094421,-4.849241256713867,-11.562074661254883,10.389473915100098,6.0191144943237305,5.553400993347168,3.624232292175293,5.117598533630371,3.557846784591675,6.988683223724365,4.659487247467041,3.3230278491973877,4.50875186920166,3.949596405029297,2.5936756134033203,3.322944402694702,3.2791197299957275,3.1415839195251465,2.344503402709961,2.157479763031006,2.42012619972229,2.3878347873687744,2.7478060722351074,0
-354.6077880859375,136.6560821533203,-69.1217041015625,75.2328872680664,68.8870849609375,35.1784553527832,-29.617002487182617,-2.1438751220703125,29.272871017456055,-5.077162742614746,-8.774881362915039,3.6604514122009277,-12.501893997192383,-12.00025749206543,2.810413122177124,-11.516388893127441,-19.583919525146484,-10.88807487487793,-7.1378703117370605,-15.676698684692383,19.461027145385742,3.9741058349609375,10.518074989318848,7.090012550354004,4.17372465133667,3.9592642784118652,3.6444947719573975,2.9574179649353027,4.2943549156188965,3.270151138305664,2.737236976623535,2.6926450729370117,3.4292209148406982,2.420250415802002,3.9557645320892334,2.4149422645568848,2.3459057807922363,2.652391195297241,2.01371169090271,2.8487610816955566,0
-301.8348693847656,143.99508666992188,-68.87545013427734,66.72289276123047,56.96827697753906,42.389896392822266,-45.84672164916992,5.378304958343506,20.62735366821289,-18.591032028198242,5.49570369720459,-10.786227226257324,-8.76408576965332,-7.146288871765137,1.3337116241455078,-4.399759769439697,-12.876785278320312,-5.312997341156006,-9.116741180419922,-4.153855800628662,17.962953567504883,12.123944282531738,12.865212440490723,5.554781913757324,10.328289031982422,5.4759840965271,8.37158203125,6.478187561035156,7.515265464782715,4.293303489685059,4.113421440124512,6.2532219886779785,3.1662940979003906,6.906493186950684,3.5125527381896973,2.867936849594116,5.146701335906982,4.746380805969238,3.784116506576538,4.254661560058594,0
-383.92559814453125,135.37811279296875,-63.26280212402344,76.56413269042969,70.35885620117188,25.671308517456055,-22.70018196105957,0.059703852981328964,20.505046844482422,5.140249252319336,-3.2440950870513916,-4.293458938598633,-12.432188987731934,3.2213821411132812,6.130093574523926,-5.703587532043457,-20.73702621459961,7.18787956237793,-5.964192867279053,-20.059123992919922,10.466778755187988,4.4585795402526855,4.654089450836182,3.289369821548462,3.334143877029419,2.940908670425415,2.705066204071045,1.9177511930465698,4.142472267150879,2.0424301624298096,2.5841922760009766,2.6559300422668457,2.262052059173584,1.879638433456421,3.2458035945892334,2.129124641418457,2.4948983192443848,2.1179723739624023,2.0670228004455566,3.263566493988037,0
-452.1573791503906,189.9613494873047,64.82927703857422,54.17250442504883,-3.1721410751342773,4.137588024139404,-11.186389923095703,-5.905532360076904,-4.4356560707092285,-12.462621688842773,1.9532727003097534,-2.663264274597168,-5.044114589691162,3.6357038021087646,-6.014445781707764,-9.460728645324707,-11.860219955444336,-10.507363319396973,-14.142537117004395,-10.418388366699219,24.511098861694336,9.983969688415527,12.753138542175293,7.208613872528076,4.41087007522583,3.645869255065918,4.0581793785095215,4.010837554931641,4.114534854888916,5.205851078033447,4.968422889709473,5.5302910804748535,4.601458549499512,3.165437936782837,3.1319234371185303,4.210381507873535,4.091962814331055,3.86985182762146,2.939378499984741,3.52762508392334,0
-454.778076171875,189.69281005859375,49.38337326049805,53.30512619018555,19.69738006591797,0.3515603840351105,-17.01249885559082,-5.961076736450195,-6.715901851654053,-2.7320544719696045,21.60906219482422,10.140741348266602,-12.446393966674805,-2.2637171745300293,3.6085360050201416,-6.821733474731445,-19.178739547729492,-17.278024673461914,-7.936577796936035,-3.481821298599243,26.745319366455078,7.960406303405762,10.44292163848877,4.543074131011963,4.556167125701904,5.109337329864502,4.465859413146973,5.092968940734863,4.110943794250488,5.492434978485107,5.57248592376709,3.166919231414795,3.2943828105926514,3.307542085647583,3.5454659461975098,2.595153331756592,2.7773759365081787,2.804685115814209,2.5633182525634766,2.7580151557922363,0
-372.1209716796875,209.93751525878906,25.757131576538086,38.7532958984375,-0.7312115430831909,0.07146087288856506,-9.9059476852417,-3.7467293739318848,-8.08631706237793,-6.401884078979492,17.592575073242188,-3.75602388381958,-11.056191444396973,-4.12011194229126,-7.871755599975586,-8.293974876403809,-14.254226684570312,-18.948043823242188,-8.109485626220703,1.7626104354858398,25.888898849487305,10.774686813354492,16.008182525634766,5.684360027313232,7.6697998046875,4.381092071533203,12.869684219360352,4.989987850189209,4.913985252380371,10.406285285949707,6.301448822021484,3.989885091781616,5.634126663208008,3.258308172225952,3.454432725906372,3.3900227546691895,5.583774089813232,6.364660739898682,4.920382976531982,5.915114879608154,0
-478.0916442871094,190.0338897705078,70.85723876953125,52.187660217285156,8.65487289428711,4.087104320526123,-11.194602966308594,-5.863038063049316,-4.68117618560791,3.1099209785461426,11.774334907531738,3.0387868881225586,-5.266127586364746,2.021606922149658,3.308286428451538,-7.539572238922119,-18.525390625,-5.957724094390869,-4.952389240264893,-5.3763203620910645,19.561599731445312,9.538891792297363,9.681872367858887,5.272500514984131,5.31716775894165,6.277515411376953,4.94220495223999,4.831089496612549,4.133774757385254,3.6528115272521973,4.233617305755615,4.356130599975586,4.544294834136963,3.8539302349090576,3.8446428775787354,3.3059685230255127,3.5243990421295166,3.452165365219116,2.9607977867126465,3.970527172088623,0
-219.86940002441406,228.30255126953125,-27.50831413269043,-23.358156204223633,-28.06844711303711,-31.735530853271484,-22.07210350036621,11.020186424255371,-18.850358963012695,-13.582624435424805,13.913755416870117,-10.366265296936035,-14.942822456359863,3.9740395545959473,13.799748420715332,-3.41064190864563,-19.918333053588867,-8.363363265991211,-5.14441442489624,-1.521646499633789,14.205900192260742,7.087863922119141,8.552846908569336,4.426005840301514,4.769951343536377,5.08981990814209,4.261025428771973,4.689818382263184,3.8130078315734863,4.69001579284668,3.324117422103882,3.6549060344696045,4.348814010620117,4.15243673324585,2.420489549636841,3.882903814315796,3.969395637512207,2.517714262008667,2.357839584350586,5.007787704467773,0
-226.30516052246094,241.7373504638672,-16.610008239746094,-5.061889171600342,-29.479389190673828,-20.14303207397461,-16.825254440307617,9.177727699279785,-5.848718166351318,-9.201324462890625,9.683439254760742,3.013789415359497,-20.806493759155273,5.908715724945068,22.630477905273438,3.5316498279571533,-19.279821395874023,-8.557826042175293,-8.180611610412598,-2.518522024154663,6.07718563079834,8.505471229553223,6.643674373626709,4.889654159545898,7.511494159698486,6.775911808013916,3.7201943397521973,2.996358871459961,2.18762469291687,3.2887730598449707,2.8500115871429443,2.3665544986724854,2.340139150619507,1.6369843482971191,1.8279818296432495,2.5069587230682373,2.251354694366455,2.2217495441436768,1.9156359434127808,2.3454430103302,0
-197.83572387695312,230.1602020263672,-28.76425552368164,-15.965105056762695,-17.6373233795166,-26.660673141479492,-25.819868087768555,15.949835777282715,-5.061114311218262,-17.189699172973633,10.644892692565918,-3.194758415222168,-17.065731048583984,6.625060558319092,17.73812484741211,-2.9686412811279297,-17.660140991210938,-12.745844841003418,-9.733197212219238,0.5239035487174988,9.684185981750488,10.671808242797852,5.954751491546631,7.1074442863464355,9.2903413772583,7.165408134460449,4.039523601531982,3.4451518058776855,2.864105463027954,3.6165192127227783,3.854891538619995,2.7140471935272217,4.901937484741211,3.6510956287384033,3.236348867416382,5.799483299255371,3.919903516769409,3.2405290603637695,3.0887157917022705,3.561302423477173,0
-203.85513305664062,238.49295043945312,-36.11571502685547,-10.435617446899414,-20.112104415893555,-42.50808334350586,-21.139097213745117,14.273538589477539,-5.494307518005371,-11.790844917297363,10.82917308807373,-4.788137435913086,-25.099685668945312,5.811817646026611,12.9006986618042,-0.28294867277145386,-19.182193756103516,-8.608997344970703,-5.295468807220459,-9.72907829284668,4.8284101486206055,4.830009937286377,5.741715908050537,3.7291696071624756,7.0737175941467285,2.832773447036743,3.075782537460327,2.707075357437134,2.2022018432617188,2.778550863265991,2.0240750312805176,2.691884994506836,3.511904716491699,2.9389760494232178,2.511258125305176,1.9706573486328125,2.223290205001831,2.7131505012512207,1.8955564498901367,2.2616968154907227,0
-395.0592346191406,121.43635559082031,9.85843563079834,17.357418060302734,14.227377891540527,2.350247859954834,-10.011770248413086,3.942575454711914,2.787060022354126,-8.511926651000977,8.79485034942627,6.6049604415893555,-10.311904907226562,-3.07460618019104,7.9973297119140625,-0.49390822649002075,-8.264777183532715,-5.269325256347656,-2.674941062927246,1.4406529664993286,130.3197784423828,80.00110626220703,34.76755142211914,25.22140884399414,29.01123809814453,19.406953811645508,16.99860954284668,8.061634063720703,10.635820388793945,15.60870361328125,4.788910388946533,7.333708763122559,16.585494995117188,12.044228553771973,7.054793357849121,6.921285152435303,13.044510841369629,9.553037643432617,8.079801559448242,5.284873008728027,0
-270.114013671875,129.05804443359375,-39.33686828613281,68.38880920410156,49.39982223510742,24.966781616210938,-38.3596076965332,3.1634764671325684,19.194026947021484,-39.180938720703125,0.9293661713600159,13.750149726867676,-36.653812408447266,-19.945703506469727,4.088928699493408,-6.571730136871338,-16.535310745239258,-4.134252071380615,-20.239946365356445,9.849937438964844,10.273599624633789,6.7199835777282715,6.52113676071167,3.7867016792297363,3.051801919937134,5.452352523803711,3.136373996734619,2.8614187240600586,4.97923469543457,4.185663223266602,2.7837369441986084,3.7576751708984375,3.4599435329437256,3.84035325050354,4.064619541168213,4.909916877746582,3.2841012477874756,3.0878946781158447,4.8550920486450195,2.6065385341644287,0
-321.9408874511719,166.93064880371094,-50.34107971191406,56.3788948059082,71.59510040283203,32.18547058105469,-40.18605422973633,10.17136001586914,15.530055046081543,-35.759422302246094,10.213324546813965,3.6145615577697754,-36.32322311401367,-3.585484504699707,5.952872276306152,-11.585909843444824,-12.171589851379395,-1.7830818891525269,-13.107537269592285,-1.0052850246429443,10.930815696716309,6.038064479827881,7.228019714355469,6.422036647796631,5.333807945251465,4.822877883911133,3.012709856033325,3.415388584136963,2.927003860473633,4.180624485015869,2.598358631134033,2.1172738075256348,3.415769577026367,2.4258410930633545,2.444206953048706,2.7383952140808105,2.374004364013672,2.233114004135132,2.9109864234924316,2.1171233654022217,0
-314.9783630371094,151.53672790527344,-41.416648864746094,61.76515579223633,60.84315872192383,28.001874923706055,-35.46216583251953,5.915360927581787,19.69376564025879,-36.255374908447266,10.707228660583496,8.964655876159668,-34.91770935058594,-5.391385078430176,3.4403204917907715,-4.858105182647705,-12.103560447692871,-4.670693874359131,-16.518564224243164,2.6713156700134277,16.812795639038086,13.098129272460938,10.155203819274902,5.240104675292969,6.644095420837402,4.618687152862549,6.9190168380737305,4.7061333656311035,3.758842706680298,5.03603458404541,4.178157806396484,4.054986953735352,5.555251121520996,3.461935043334961,4.497841835021973,3.0223255157470703,2.6139438152313232,2.6656291484832764,3.186149835586548,2.5783700942993164,0
-324.5140075683594,146.0885009765625,-43.75042724609375,66.1649398803711,50.41276550292969,30.60164451599121,-20.569433212280273,11.158823013305664,18.117647171020508,-34.405879974365234,11.92365837097168,7.450292110443115,-39.69057083129883,-13.605745315551758,0.8707477450370789,-6.154083251953125,-10.259062767028809,-11.130138397216797,-22.617616653442383,2.123856544494629,8.769639015197754,8.037137985229492,9.00974178314209,7.864138126373291,6.176493167877197,6.295589923858643,4.505836486816406,4.813788890838623,4.152188301086426,5.0637946128845215,3.289232015609741,3.491605281829834,3.4220998287200928,2.7140045166015625,3.8663105964660645,3.6773715019226074,3.4498884677886963,2.5405311584472656,4.9187798500061035,2.3767776489257812,0
-340.8278503417969,201.40469360351562,32.73200225830078,32.111045837402344,-14.273568153381348,-7.051164150238037,-21.114219665527344,3.2726869583129883,10.920846939086914,-9.15138053894043,5.802457809448242,16.96501350402832,-6.212432384490967,-25.346799850463867,-0.6901308298110962,-5.5197248458862305,-29.090782165527344,-19.035400390625,-4.878565788269043,-7.605267524719238,26.424657821655273,4.620240688323975,11.719844818115234,4.975299835205078,4.314297199249268,5.75399923324585,3.396898031234741,5.1884284019470215,4.813982009887695,5.040252208709717,3.035896062850952,6.885323524475098,3.224463939666748,5.968193531036377,3.67456316947937,5.489599227905273,6.893240928649902,3.4128847122192383,4.96155309677124,3.027263641357422,0
-395.11053466796875,210.26309204101562,64.56273651123047,54.272037506103516,7.637217044830322,8.13912582397461,-32.673095703125,-4.70006799697876,-7.115426540374756,-17.389986038208008,11.976587295532227,11.990883827209473,-18.269060134887695,-20.114545822143555,19.713409423828125,-6.618499279022217,-31.621963500976562,-15.254295349121094,-1.4375452995300293,4.376125335693359,7.135926246643066,5.0051374435424805,3.642277956008911,4.433712959289551,7.083089828491211,5.763457298278809,3.6105599403381348,4.203828811645508,2.4999918937683105,2.602912425994873,3.829416036605835,2.5516750812530518,2.7769579887390137,2.5843687057495117,4.191596508026123,2.484419822692871,3.239183187484741,3.46010684967041,2.6799018383026123,3.1497228145599365,0
-324.0146484375,198.97386169433594,55.89345169067383,24.83747673034668,6.818828105926514,-0.2451295256614685,-28.793846130371094,-7.31452751159668,-2.746105670928955,-11.547065734863281,12.190122604370117,15.85139274597168,-12.787699699401855,-28.693988800048828,6.008144378662109,-3.0668294429779053,-27.102642059326172,-22.299341201782227,-9.84401798248291,6.222846031188965,39.11813735961914,9.463677406311035,21.42253875732422,5.774418830871582,12.258546829223633,4.66122579574585,6.277501583099365,5.227158069610596,9.989875793457031,4.001549243927002,4.5943498611450195,4.485523700714111,5.722795009613037,10.193535804748535,3.711256742477417,7.267308712005615,4.866701126098633,5.087611198425293,3.8913791179656982,5.009120464324951,0
-339.8045654296875,213.09622192382812,43.31098937988281,36.69266128540039,-2.900304079055786,0.6245834231376648,-24.636573791503906,-5.01160192489624,-5.39652681350708,-17.69588279724121,4.005057334899902,9.74244213104248,-15.271559715270996,-26.088878631591797,17.162715911865234,-3.7415664196014404,-25.673152923583984,-14.788928985595703,-5.4606475830078125,5.033553600311279,17.253877639770508,9.196990013122559,6.221419811248779,3.0356247425079346,4.384212017059326,3.0107104778289795,3.686645030975342,4.294271469116211,3.006223678588867,4.699405670166016,2.8840460777282715,3.0162980556488037,3.045856237411499,4.4500322341918945,4.479766368865967,2.938063383102417,3.091628074645996,2.6318159103393555,2.395901918411255,4.1697587966918945,0
-255.82254028320312,106.6165542602539,-39.834842681884766,-6.2758283615112305,-50.525718688964844,-26.916301727294922,-41.4501838684082,10.836899757385254,8.993144989013672,-40.68413162231445,-10.241414070129395,10.720953941345215,-6.5707106590271,-1.208329677581787,-9.24017333984375,-12.95462417602539,-21.105348587036133,-27.00059700012207,-1.9473201036453247,-5.798122882843018,16.485868453979492,9.023619651794434,7.170626640319824,5.184685230255127,5.661017417907715,4.846365451812744,5.236412048339844,4.369535446166992,5.116869926452637,4.2464776039123535,4.439621925354004,3.9677562713623047,3.9923694133758545,3.9456472396850586,3.1803665161132812,4.067779541015625,3.722071886062622,3.533601999282837,3.411081552505493,4.5709123611450195,1
-236.67735290527344,166.75819396972656,-24.297622680664062,-4.540438175201416,-32.88800048828125,-37.0333251953125,-41.85496139526367,26.64130973815918,7.794033050537109,-27.32904052734375,7.314872741699219,6.107300758361816,-9.671972274780273,12.994812965393066,8.882425308227539,-16.610698699951172,-17.865509033203125,-1.4014099836349487,-20.897701263427734,-8.306269645690918,13.733205795288086,5.69749641418457,10.081402778625488,4.046207904815674,5.8190717697143555,5.664655685424805,5.518450736999512,5.615061283111572,4.032828330993652,4.454264163970947,3.4965505599975586,3.543673276901245,4.433730125427246,4.130462169647217,2.953232765197754,3.840233325958252,4.164420127868652,5.449382781982422,4.20127010345459,4.7809038162231445,1
-255.90513610839844,129.75599670410156,-34.61307907104492,-1.2590914964675903,-53.504981994628906,-10.895419120788574,-40.19635772705078,20.342683792114258,11.551166534423828,-28.036876678466797,-9.669962882995605,13.653605461120605,-15.476778030395508,-4.091975688934326,-12.96197509765625,1.0496470928192139,-26.900041580200195,-16.786632537841797,-3.206328868865967,-15.803910255432129,17.55301856994629,8.179807662963867,6.337133884429932,6.764190196990967,6.745744705200195,4.552768707275391,5.617798805236816,4.3846259117126465,5.012791633605957,4.388916492462158,4.000906467437744,4.451515197753906,3.685281753540039,4.438753128051758,4.6221537590026855,3.794898748397827,4.978789329528809,3.479245662689209,5.2957682609558105,4.702976226806641,1
-345.2403869628906,95.4775161743164,-3.191226005554199,22.672849655151367,3.259180784225464,-8.626407623291016,-18.13920783996582,2.1586761474609375,3.109462022781372,-15.99705982208252,-4.416509628295898,1.6156271696090698,-10.190028190612793,-3.7142839431762695,2.704608678817749,-9.17429256439209,-14.384692192077637,-5.726181983947754,-2.015509843826294,-4.356997013092041,79.20404815673828,42.24465560913086,35.9040641784668,28.95037269592285,34.03147888183594,17.37175178527832,17.57673454284668,13.039968490600586,9.984633445739746,14.476945877075195,13.574772834777832,10.099549293518066,12.184556007385254,10.618803977966309,10.873353004455566,10.279729843139648,11.197837829589844,10.085052490234375,7.515539646148682,8.63526439666748,1
-327.9093322753906,84.87676239013672,-30.616504669189453,37.04887390136719,38.057315826416016,10.524784088134766,-42.58736038208008,-20.678916931152344,-6.9553680419921875,-23.60742950439453,-31.01600456237793,-12.387067794799805,-27.99504852294922,-14.889326095581055,-0.254515141248703,-23.37796974182129,-16.685667037963867,-3.616326332092285,6.777286052703857,0.7818031907081604,34.438026428222656,18.53728485107422,10.984341621398926,6.386857032775879,7.104894161224365,4.029232501983643,6.222099781036377,4.017824649810791,3.3875486850738525,4.020009517669678,5.070141315460205,4.056145191192627,6.322264194488525,3.3539302349090576,4.210064888000488,5.957560062408447,3.7124881744384766,3.4928858280181885,3.46820068359375,3.471557140350342,1
-344.4715270996094,82.80679321289062,-66.59756469726562,88.63984680175781,45.19771957397461,19.610233306884766,-39.67321014404297,13.702522277832031,6.208708763122559,-19.498971939086914,-6.497198104858398,6.0120038986206055,-14.315292358398438,-7.352273464202881,23.772401809692383,-5.597726821899414,-26.17485809326172,-11.67896556854248,-5.932499408721924,-2.5963268280029297,12.150104522705078,10.77171516418457,7.269350051879883,9.6524658203125,4.586996555328369,3.4952969551086426,4.10749626159668,3.4379289150238037,3.274290084838867,3.8459677696228027,3.1745057106018066,4.295259475708008,3.6026079654693604,3.77109956741333,5.096774101257324,3.6404836177825928,3.522825002670288,3.1304073333740234,3.7625014781951904,3.220951795578003,1
-311.8336181640625,68.93228149414062,-52.55148696899414,73.98184967041016,26.438432693481445,15.190062522888184,-39.0106201171875,-2.988433837890625,15.404668807983398,-15.754590034484863,-26.90296173095703,-2.134338617324829,-21.395832061767578,-14.107603073120117,-4.206348896026611,-19.019268035888672,-23.76900291442871,-14.027642250061035,2.9721503257751465,-17.864110946655273,18.704483032226562,9.913103103637695,9.695021629333496,7.2400054931640625,4.558063983917236,4.216580867767334,4.6681437492370605,5.781315326690674,3.340010166168213,3.4068448543548584,3.90470290184021,3.0283944606781006,3.9011638164520264,5.405505180358887,3.1994383335113525,2.8408279418945312,4.4229607582092285,3.825399875640869,3.3861541748046875,4.0801520347595215,1
-322.18316650390625,120.32909393310547,4.685252666473389,33.29216003417969,-12.144164085388184,-28.810646057128906,-10.20578384399414,-14.576336860656738,-3.3576388359069824,-19.800296783447266,-32.01335144042969,-12.466096878051758,-30.370466232299805,-22.32294273376465,4.098937511444092,-23.121463775634766,-13.510149002075195,8.53474235534668,-1.9710700511932373,8.7415189743042,20.71773910522461,9.416986465454102,10.556290626525879,3.699805974960327,4.796561241149902,5.78759241104126,3.6969666481018066,3.5481791496276855,4.169382095336914,5.87606143951416,6.2727742195129395,3.314450979232788,5.559289932250977,4.189944744110107,6.91366720199585,4.386626720428467,5.350934028625488,4.185554504394531,5.920269966125488,7.1980438232421875,1
-418.6021728515625,159.87864685058594,33.907020568847656,38.69996643066406,-6.341667175292969,7.168608665466309,-22.739717483520508,-0.2513750195503235,-9.79489517211914,-10.671833992004395,13.279272079467773,-13.269437789916992,-14.724842071533203,2.2394726276397705,0.6937038898468018,-2.164229154586792,-20.84673309326172,-2.8545150756835938,3.443352699279785,-3.5741326808929443,16.57347297668457,9.487597465515137,5.424559593200684,9.117257118225098,7.497411727905273,3.108031988143921,6.253558158874512,4.351141929626465,3.212104320526123,3.786999225616455,5.15195369720459,5.0603203773498535,4.793760299682617,3.775083541870117,3.911961078643799,3.774123191833496,4.216062068939209,2.925757884979248,3.6465044021606445,3.093130111694336,1
-383.6445617675781,155.84593200683594,15.131284713745117,15.445648193359375,-23.805870056152344,-15.372419357299805,-4.558773994445801,1.5775408744812012,-6.896406173706055,2.402850389480591,3.148061990737915,-8.415266990661621,-2.851923942565918,-14.850610733032227,-9.62492561340332,-17.55844497680664,-27.941312789916992,-12.462301254272461,-6.558174133300781,-11.425604820251465,20.867259979248047,5.010352611541748,5.482104778289795,4.934310436248779,6.785503387451172,4.726263999938965,3.578045606613159,3.6099793910980225,3.5093958377838135,3.6545984745025635,4.029342174530029,2.654365062713623,4.317841529846191,3.0880796909332275,3.081794023513794,2.6153953075408936,2.962709665298462,2.929517984390259,2.5781052112579346,2.9801993370056152,1
-188.602294921875,127.81881713867188,-16.584121704101562,-27.23909568786621,-45.29373550415039,-12.264363288879395,-21.46094512939453,27.446880340576172,-19.160324096679688,-10.945090293884277,-11.859220504760742,16.38255500793457,-17.865022659301758,-11.273381233215332,-6.115823268890381,-22.071388244628906,1.302107572555542,-7.504721164703369,-7.48188591003418,5.0740203857421875,20.505712509155273,9.149417877197266,7.1745524406433105,5.292150974273682,4.749556541442871,5.420321941375732,3.8514297008514404,5.030903339385986,5.028736114501953,3.210935354232788,3.1946043968200684,3.8428850173950195,4.660605430603027,2.2625064849853516,5.163923740386963,3.811811685562134,2.970167398452759,3.1874914169311523,3.7786641120910645,4.374048709869385,1
-190.1844024658203,186.07615661621094,-43.971702575683594,-15.071417808532715,-37.00217819213867,-7.842000484466553,-0.8835921883583069,9.587620735168457,-2.146486282348633,-19.198949813842773,-1.0960335731506348,17.165191650390625,-12.8878812789917,-5.860411167144775,-9.735787391662598,-24.709680557250977,-4.487874984741211,-17.61442756652832,-10.85859489440918,8.918590545654297,24.50592041015625,7.482368469238281,16.111228942871094,4.297419548034668,4.795372009277344,7.506079196929932,3.835171699523926,2.913747549057007,2.6801304817199707,3.935439348220825,4.7557220458984375,4.697706699371338,4.851265907287598,1.9037734270095825,2.5556018352508545,4.299357891082764,5.124520301818848,4.8650336265563965,3.9858484268188477,4.9539666175842285,1
-225.7451629638672,187.57460021972656,-34.60288619995117,-7.944077014923096,-40.353050231933594,-8.162090301513672,-2.8944296836853027,21.78249168395996,-8.927477836608887,-17.44554328918457,0.544554591178894,12.387164115905762,-8.970739364624023,-10.252876281738281,-9.163162231445312,-25.39116859436035,-4.474513530731201,-19.384016036987305,-7.926797389984131,10.216102600097656,14.266387939453125,6.088744640350342,9.08917236328125,3.2924282550811768,4.657771587371826,3.7053818702697754,3.1919021606445312,3.836667776107788,2.9707276821136475,2.5348503589630127,2.08229923248291,2.7568304538726807,3.2015082836151123,3.4318032264709473,2.693216562271118,3.1964728832244873,4.072912693023682,2.7046782970428467,2.5203287601470947,2.3040449619293213,1
-347.484619140625,91.23434448242188,15.964787483215332,27.076152801513672,-1.4307868480682373,4.188527584075928,-10.430753707885742,11.295336723327637,2.0718305110931396,-8.341204643249512,4.235077381134033,-1.728408932685852,-4.672693729400635,-2.9476161003112793,-10.043464660644531,-4.312994956970215,0.8053210377693176,-6.86960506439209,-6.045288562774658,1.837133526802063,109.50186920166016,48.46531295776367,27.612548828125,39.48545455932617,24.215070724487305,11.00175952911377,18.867908477783203,8.627351760864258,11.027647018432617,17.434202194213867,7.516495227813721,12.91440200805664,8.278797149658203,7.68855619430542,12.099241256713867,9.55656623840332,5.260625839233398,8.445011138916016,8.081999778747559,5.812976360321045,1
-246.06597900390625,71.12667846679688,-2.041398048400879,96.51895141601562,14.540247917175293,13.22249984741211,-40.13893508911133,16.03192138671875,13.788482666015625,-34.60626220703125,-1.9254647493362427,-7.758002281188965,-13.274968147277832,-3.4689080715179443,-24.65640640258789,0.4904683232307434,0.0378904789686203,-12.635318756103516,-8.000712394714355,-0.3499939739704132,13.604720115661621,9.88814640045166,7.183424472808838,7.4376325607299805,9.626352310180664,4.371920108795166,6.051941871643066,4.389200210571289,6.265307903289795,3.0306758880615234,4.387414455413818,3.1067941188812256,3.724324941635132,3.88592267036438,3.1364378929138184,3.9288012981414795,4.207271099090576,2.987628936767578,3.774207830429077,3.5754587650299072,1
-257.2569274902344,86.22218322753906,-26.01351547241211,102.8642807006836,18.2960262298584,3.852155923843384,-34.74287414550781,17.347822189331055,12.528036117553711,-30.294187545776367,-0.39205485582351685,-4.96211051940918,-16.56840705871582,5.316079139709473,-21.45354461669922,-6.362814426422119,2.4896116256713867,-8.933987617492676,-18.064163208007812,0.07603456825017929,16.326824188232422,9.18309497833252,8.672057151794434,11.774748802185059,4.577214241027832,3.818943977355957,7.344594955444336,5.2455830574035645,5.668059825897217,4.132429122924805,5.406306266784668,2.93047833442688,4.072746276855469,2.9250659942626953,3.1266062259674072,2.3407199382781982,4.712423324584961,3.544881820678711,3.1842010021209717,4.156808853149414,1
-315.0429382324219,88.55628204345703,-1.2879579067230225,93.01349639892578,19.323270797729492,7.84541654586792,-35.074378967285156,24.990901947021484,2.28786563873291,-32.974029541015625,4.155876636505127,-11.611988067626953,-6.53727912902832,5.78168249130249,-28.684415817260742,5.091516971588135,-2.485090970993042,-11.805255889892578,-17.649425506591797,6.595978260040283,22.815174102783203,6.2132487297058105,13.386858940124512,8.851594924926758,6.575191020965576,5.101597785949707,6.24618673324585,4.79402494430542,3.988340139389038,4.549807071685791,4.931087970733643,3.2346014976501465,3.693615436553955,3.2081334590911865,3.711642265319824,4.282859802246094,4.159404277801514,3.367713689804077,3.1254184246063232,3.085437297821045,1
-259.36090087890625,144.58079528808594,46.635528564453125,17.917577743530273,-30.462072372436523,11.949860572814941,-25.74906349182129,13.428007125854492,-3.081981658935547,-6.302643775939941,1.0785801410675049,-17.065473556518555,-17.040313720703125,-14.534258842468262,-17.97515296936035,-8.650742530822754,3.8950698375701904,-0.5363662838935852,-15.056879043579102,3.3002071380615234,25.115734100341797,4.014458656311035,4.816648006439209,4.723910808563232,7.422123908996582,6.231313705444336,5.671931266784668,5.650818347930908,4.67458438873291,4.050430774688721,4.123210430145264,4.23411226272583,4.399545669555664,3.9352171421051025,3.3243801593780518,3.713118076324463,5.008805274963379,4.414463520050049,3.632107734680176,3.9371984004974365,1
-320.10504150390625,170.1885223388672,50.70306396484375,36.58955383300781,-25.265695571899414,-11.11664867401123,-23.54090118408203,11.407182693481445,-27.1533260345459,6.910102844238281,2.0997071266174316,-19.557540893554688,-2.794509172439575,-0.2733399569988251,-27.92528533935547,-12.892430305480957,7.43829870223999,-16.447647094726562,-8.515776634216309,1.6420674324035645,24.599008560180664,8.515507698059082,5.760165691375732,4.897794246673584,6.327091217041016,3.687706470489502,4.374474048614502,6.510516166687012,5.087536334991455,3.223574161529541,3.2960803508758545,4.36797571182251,3.9283804893493652,2.9285788536071777,4.401510238647461,2.7672042846679688,4.398124694824219,4.4475178718566895,2.4029195308685303,2.673569679260254,1
-313.0249328613281,166.03680419921875,58.773475646972656,29.06853675842285,-31.693635940551758,8.39171314239502,-21.805023193359375,7.436700344085693,-18.363975524902344,-4.867295742034912,10.712883949279785,-20.44457244873047,-0.06823517382144928,7.441303730010986,-26.704341888427734,-2.2771553993225098,-1.2349954843521118,-19.638471603393555,-4.87884521484375,-3.2286643981933594,18.44786834716797,4.379697322845459,6.099441051483154,4.914513111114502,5.955780982971191,6.560678958892822,3.462550401687622,4.487092018127441,3.575411796569824,5.985163688659668,3.3982532024383545,4.176449298858643,3.269428253173828,4.770569324493408,5.718979358673096,2.9986488819122314,4.763049125671387,3.032557725906372,3.7230069637298584,2.913512706756592,1
-255.82254028320312,106.6165542602539,-39.834842681884766,-6.2758283615112305,-50.525718688964844,-26.916301727294922,-41.4501838684082,10.836899757385254,8.993144989013672,-40.68413162231445,-10.241414070129395,10.720953941345215,-6.5707106590271,-1.208329677581787,-9.24017333984375,-12.95462417602539,-21.105348587036133,-27.00059700012207,-1.9473201036453247,-5.798122882843018,16.485868453979492,9.023619651794434,7.170626640319824,5.184685230255127,5.661017417907715,4.846365451812744,5.236412048339844,4.369535446166992,5.116869926452637,4.2464776039123535,4.439621925354004,3.9677562713623047,3.9923694133758545,3.9456472396850586,3.1803665161132812,4.067779541015625,3.722071886062622,3.533601999282837,3.411081552505493,4.5709123611450195,2
-200.93948364257812,166.58969116210938,-58.852718353271484,-16.97795295715332,-37.75052261352539,-41.11963653564453,-4.833939552307129,-0.9469606280326843,-2.8589065074920654,-12.840737342834473,-6.2363667488098145,-1.1005730628967285,-9.861289024353027,7.108027935028076,-18.994747161865234,-30.2769832611084,4.152702808380127,-1.9880098104476929,-2.882699489593506,0.5752583742141724,31.252328872680664,10.773612022399902,15.34048843383789,4.573174953460693,3.292088747024536,5.4413065910339355,3.632019519805908,3.9892735481262207,3.1283507347106934,3.326174736022949,2.465331554412842,4.427100658416748,2.9747707843780518,4.814047813415527,3.1503210067749023,4.73642635345459,3.5147006511688232,4.199658393859863,4.128016948699951,3.3174781799316406,2
-273.850341796875,189.1708221435547,-36.81175994873047,-5.495161056518555,-29.941951751708984,-28.22944450378418,-13.58470630645752,2.909245729446411,-4.113472938537598,-5.427929878234863,-9.174681663513184,-9.07480525970459,-7.954300403594971,7.841957092285156,-10.84860897064209,-25.54648208618164,-0.8613214492797852,-7.202477931976318,-7.029168605804443,-7.163317680358887,22.49077606201172,7.486220359802246,11.958927154541016,5.122445106506348,4.200769424438477,4.969780445098877,3.730496883392334,3.2574846744537354,3.207294464111328,5.3489274978637695,4.495022296905518,4.628489971160889,3.1387269496917725,2.5283234119415283,4.072990417480469,5.6001811027526855,5.412540435791016,2.5539803504943848,5.692458629608154,3.6494340896606445,2
-235.23797607421875,187.14886474609375,-37.93544387817383,-17.771055221557617,-28.801828384399414,-28.11333656311035,-10.617703437805176,5.435589790344238,-3.213949203491211,0.6851499080657959,-14.05557632446289,-0.698462188243866,0.4384695887565613,5.111747741699219,-7.19545316696167,-26.838573455810547,7.430997848510742,-6.428476810455322,-11.973206520080566,-2.8447933197021484,30.291841506958008,10.685805320739746,13.231478691101074,5.293916702270508,3.0385115146636963,5.615546226501465,5.129673004150391,5.608626365661621,5.581192493438721,3.9181411266326904,3.8323094844818115,4.890402793884277,3.4126694202423096,3.6132051944732666,4.414661407470703,5.246946334838867,4.566812038421631,2.901247262954712,3.2039377689361572,3.953584671020508,2
-365.1268615722656,77.5640640258789,8.365455627441406,20.73184585571289,-1.8269580602645874,-0.6174027323722839,-7.162988662719727,0.9712550044059753,7.421371936798096,-2.9934263229370117,-0.7089678645133972,0.006950476672500372,-2.5611207485198975,0.45727425813674927,-2.672504186630249,-8.436948776245117,1.1595104932785034,3.865283489227295,-4.0602126121521,-3.1912717819213867,102.56783294677734,54.81853485107422,31.995540618896484,34.646141052246094,19.62788963317871,18.595882415771484,17.181352615356445,8.61627197265625,10.239547729492188,14.14450454711914,10.231274604797363,9.615291595458984,11.764004707336426,8.599443435668945,10.409838676452637,15.383112907409668,7.840779781341553,6.5774030685424805,10.26409912109375,7.688718795776367,2
-259.73968505859375,48.71813201904297,-40.65923309326172,103.9550552368164,5.903038501739502,17.612689971923828,-43.01438522338867,2.639580726623535,16.958738327026367,-31.2847900390625,-18.704362869262695,-2.6334540843963623,-16.56334114074707,-15.877912521362305,-6.354562282562256,-26.8479061126709,-11.093966484069824,3.8741703033447266,-16.777692794799805,-16.816068649291992,14.386343002319336,13.792677879333496,8.933443069458008,6.759312629699707,4.2624101638793945,3.8766238689422607,4.789380073547363,3.7243950366973877,3.086291790008545,4.7604546546936035,3.421659469604492,3.197357177734375,3.0399746894836426,2.974844455718994,3.7047998905181885,3.1471948623657227,3.1296908855438232,3.452211380004883,3.4783921241760254,3.3928942680358887,2
-322.71142578125,59.0247917175293,-3.7027790546417236,100.39283752441406,8.195137023925781,37.252281188964844,-43.31084442138672,0.6110510230064392,18.549734115600586,-16.5395565032959,-20.087915420532227,2.2001233100891113,-5.270463943481445,-7.485086441040039,-3.7965779304504395,-22.1335506439209,-0.4161226749420166,3.182823896408081,-18.31351089477539,-12.828619003295898,9.368104934692383,7.811278820037842,7.141152858734131,5.556746959686279,4.588601112365723,5.002742290496826,6.676543712615967,3.8969266414642334,3.3354647159576416,3.4749112129211426,5.214306831359863,3.8027100563049316,3.7756781578063965,3.303037643432617,3.7972347736358643,4.877898693084717,2.9443302154541016,2.940778970718384,2.919262170791626,2.8025498390197754,2
-291.716064453125,65.95599365234375,-21.94330406188965,99.73470306396484,8.610612869262695,22.584203720092773,-38.682090759277344,2.789952516555786,7.414318084716797,-23.556838989257812,-13.907654762268066,4.060985088348389,-13.892508506774902,-14.728047370910645,1.0917569398880005,-26.76742172241211,-4.4625678062438965,-6.818924427032471,-12.358356475830078,-17.606121063232422,18.387060165405273,12.936948776245117,8.832469940185547,9.762733459472656,4.073922634124756,4.84744930267334,6.69981050491333,4.000630855560303,3.5444936752319336,3.024564266204834,4.487083435058594,3.09151554107666,4.461246490478516,3.944035291671753,4.398768901824951,3.7809879779815674,3.7353193759918213,3.159682512283325,3.3074240684509277,4.346282958984375,2
-283.34918212890625,135.36221313476562,12.69320011138916,48.81348419189453,-32.17229461669922,-27.01982307434082,-22.054006576538086,-1.5762345790863037,-1.746984601020813,-9.963528633117676,5.01873779296875,-20.817411422729492,-26.660131454467773,-2.1474175453186035,-27.16407585144043,-31.25492286682129,0.7701384425163269,3.13165545463562,-12.336719512939453,-11.992874145507812,30.0960636138916,6.773694038391113,6.254218101501465,7.219582557678223,5.2776780128479,5.863401412963867,5.036043167114258,3.5012474060058594,3.349996566772461,5.274709224700928,3.3484458923339844,4.0445966720581055,4.582296848297119,3.303300380706787,3.510134696960449,7.118587970733643,3.5435361862182617,2.6187357902526855,3.359339714050293,5.564755439758301,2
-358.83843994140625,151.8399658203125,36.14879608154297,46.73019790649414,-29.722631454467773,-3.052755832672119,-13.457189559936523,-2.0576045513153076,-3.7848596572875977,5.679690837860107,-4.793668746948242,-10.506731033325195,-12.677752494812012,-14.641382217407227,-1.9447072744369507,-37.426456451416016,-2.9356141090393066,9.94697093963623,-21.45197296142578,-5.323030948638916,23.063528060913086,6.780801296234131,6.758555889129639,6.4168596267700195,7.466209411621094,5.18422269821167,4.808706760406494,3.3785853385925293,2.9214723110198975,3.6331498622894287,3.2005414962768555,3.220341682434082,2.438065767288208,4.063002109527588,3.8313186168670654,6.068180561065674,2.8547568321228027,4.425320148468018,4.190728664398193,3.307478904724121,2
-371.5735168457031,146.8660430908203,39.995784759521484,46.27963638305664,-29.074880599975586,-16.83124351501465,-21.134950637817383,-5.543996810913086,-0.5465320944786072,-7.719426155090332,4.748964786529541,-21.536272048950195,-18.742355346679688,-3.6455440521240234,-16.158824920654297,-31.11865997314453,-7.268400192260742,11.568872451782227,-22.058521270751953,-7.87628173828125,15.57498836517334,9.145087242126465,9.754403114318848,5.098199367523193,4.952394962310791,4.25050163269043,4.3162312507629395,3.8670461177825928,4.789114952087402,4.604457855224609,3.7324538230895996,3.349559783935547,3.7231953144073486,3.3639957904815674,3.606279134750366,4.992557525634766,3.0966579914093018,4.144014835357666,3.9114155769348145,4.315970420837402,2
-191.79478454589844,163.2915496826172,-51.960453033447266,-37.798946380615234,-23.205339431762695,-2.622145175933838,-19.690921783447266,14.90048599243164,-1.3056933879852295,-10.202767372131348,-9.685494422912598,-7.837095737457275,-5.685461521148682,1.628528356552124,-17.241798400878906,-10.932156562805176,7.809100151062012,-17.744842529296875,1.3706947565078735,-16.32817840576172,18.11440086364746,6.628260612487793,6.837797164916992,7.003004550933838,3.7528412342071533,4.2116923332214355,3.9473001956939697,3.3752403259277344,3.092064142227173,8.945610046386719,3.8208625316619873,4.163894176483154,7.753944396972656,3.7691545486450195,3.518376588821411,4.489874362945557,3.6620774269104004,5.416987419128418,4.482149124145508,2.889916181564331,2
-228.9830780029297,168.90257263183594,-48.969139099121094,-26.230260848999023,-24.91602325439453,4.277274131774902,-10.424591064453125,12.428740501403809,-11.67542552947998,-0.9245530962944031,-8.183235168457031,-10.351099967956543,-2.0682668685913086,4.341658115386963,-22.048904418945312,-7.943929195404053,9.517297744750977,-21.233596801757812,6.989080905914307,-15.404187202453613,13.145720481872559,10.9263277053833,9.105083465576172,8.355146408081055,5.03699254989624,4.973245620727539,6.978219985961914,3.102041006088257,4.905340194702148,8.420907974243164,3.9954850673675537,4.184299945831299,3.1413207054138184,3.0482177734375,5.193483352661133,2.6401729583740234,2.6113150119781494,5.064916133880615,4.436550140380859,2.1418755054473877,2
-228.9830780029297,168.90257263183594,-48.969139099121094,-26.230260848999023,-24.91602325439453,4.277274131774902,-10.424591064453125,12.428740501403809,-11.67542552947998,-0.9245530962944031,-8.183235168457031,-10.351099967956543,-2.0682668685913086,4.341658115386963,-22.048904418945312,-7.943929195404053,9.517297744750977,-21.233596801757812,6.989080905914307,-15.404187202453613,13.145720481872559,10.9263277053833,9.105083465576172,8.355146408081055,5.03699254989624,4.973245620727539,6.978219985961914,3.102041006088257,4.905340194702148,8.420907974243164,3.9954850673675537,4.184299945831299,3.1413207054138184,3.0482177734375,5.193483352661133,2.6401729583740234,2.6113150119781494,5.064916133880615,4.436550140380859,2.1418755054473877,2
-372.29644775390625,94.26024627685547,9.557293891906738,21.862226486206055,7.49702787399292,9.76893138885498,-7.617351055145264,6.876632213592529,4.768222332000732,-2.1440958976745605,2.7988967895507812,-1.7223328351974487,-1.361651062965393,2.017194986343384,-4.396630764007568,-7.0229692459106445,0.587113082408905,-1.2138570547103882,-0.9620557427406311,-6.633434772491455,111.26200103759766,48.39170837402344,34.647552490234375,31.26637840270996,19.2324275970459,12.588799476623535,23.413501739501953,7.260420799255371,8.547050476074219,13.13641357421875,8.483906745910645,10.236494064331055,10.609627723693848,6.317312717437744,10.535801887512207,11.163814544677734,7.377958297729492,10.485939025878906,6.905718803405762,9.250068664550781,2
-296.1163330078125,80.27315521240234,-16.613162994384766,77.24284362792969,29.691410064697266,26.37349510192871,-40.96921920776367,13.345010757446289,7.580201148986816,-12.172577857971191,-7.2700347900390625,-14.136533737182617,-5.132704257965088,0.38934656977653503,-11.795492172241211,-15.901951789855957,-1.211271047592163,-7.0632100105285645,-8.319511413574219,-13.604988098144531,18.750957489013672,10.253713607788086,7.54648494720459,8.453834533691406,3.4307875633239746,4.529545783996582,5.355894565582275,4.040565490722656,3.3430440425872803,3.7157154083251953,3.319837808609009,3.3777406215667725,3.2930850982666016,3.25518798828125,3.2554965019226074,3.339224338531494,3.185659885406494,3.2359533309936523,3.1100449562072754,2.4518916606903076,2
-257.9675598144531,72.31392669677734,-42.396453857421875,86.02145385742188,32.17666244506836,18.441232681274414,-44.934207916259766,13.211027145385742,9.810680389404297,-15.580011367797852,-14.045065879821777,-8.455629348754883,-16.42128562927246,-2.107246160507202,-8.05942153930664,-22.16448402404785,-0.8902125954627991,-4.054893970489502,-12.752275466918945,-19.75885009765625,25.1940860748291,12.923604011535645,11.404989242553711,10.945282936096191,6.407519817352295,5.621117115020752,7.36218786239624,4.65797758102417,5.287403583526611,3.583972930908203,2.646090030670166,2.848345994949341,4.510459899902344,3.9817099571228027,4.619509696960449,4.181061744689941,3.326831579208374,4.251200199127197,2.7178635597229004,4.482058048248291,2
-257.9675598144531,72.31392669677734,-42.396453857421875,86.02145385742188,32.17666244506836,18.441232681274414,-44.934207916259766,13.211027145385742,9.810680389404297,-15.580011367797852,-14.045065879821777,-8.455629348754883,-16.42128562927246,-2.107246160507202,-8.05942153930664,-22.16448402404785,-0.8902125954627991,-4.054893970489502,-12.752275466918945,-19.75885009765625,25.1940860748291,12.923604011535645,11.404989242553711,10.945282936096191,6.407519817352295,5.621117115020752,7.36218786239624,4.65797758102417,5.287403583526611,3.583972930908203,2.646090030670166,2.848345994949341,4.510459899902344,3.9817099571228027,4.619509696960449,4.181061744689941,3.326831579208374,4.251200199127197,2.7178635597229004,4.482058048248291,2
-312.4863586425781,163.1228790283203,31.50376319885254,23.200157165527344,-5.171093463897705,-11.595757484436035,-29.823549270629883,4.7989654541015625,-4.199594020843506,-12.531780242919922,10.25783634185791,-9.533269882202148,-15.289996147155762,-9.803800582885742,-11.16580581665039,-26.276460647583008,-15.407048225402832,10.953153610229492,-7.9504547119140625,-8.305960655212402,29.075510025024414,5.509520053863525,3.267632484436035,4.398035049438477,3.8519887924194336,4.737203598022461,5.409526348114014,4.023754119873047,3.6176705360412598,4.471343040466309,4.026928424835205,3.1584033966064453,3.911720037460327,3.5311453342437744,2.5001349449157715,4.397608280181885,3.2960362434387207,4.549031734466553,3.5562803745269775,4.24330472946167,2
-312.4863586425781,163.1228790283203,31.50376319885254,23.200157165527344,-5.171093463897705,-11.595757484436035,-29.823549270629883,4.7989654541015625,-4.199594020843506,-12.531780242919922,10.25783634185791,-9.533269882202148,-15.289996147155762,-9.803800582885742,-11.16580581665039,-26.276460647583008,-15.407048225402832,10.953153610229492,-7.9504547119140625,-8.305960655212402,29.075510025024414,5.509520053863525,3.267632484436035,4.398035049438477,3.8519887924194336,4.737203598022461,5.409526348114014,4.023754119873047,3.6176705360412598,4.471343040466309,4.026928424835205,3.1584033966064453,3.911720037460327,3.5311453342437744,2.5001349449157715,4.397608280181885,3.2960362434387207,4.549031734466553,3.5562803745269775,4.24330472946167,2
-312.4863586425781,163.1228790283203,31.50376319885254,23.200157165527344,-5.171093463897705,-11.595757484436035,-29.823549270629883,4.7989654541015625,-4.199594020843506,-12.531780242919922,10.25783634185791,-9.533269882202148,-15.289996147155762,-9.803800582885742,-11.16580581665039,-26.276460647583008,-15.407048225402832,10.953153610229492,-7.9504547119140625,-8.305960655212402,29.075510025024414,5.509520053863525,3.267632484436035,4.398035049438477,3.8519887924194336,4.737203598022461,5.409526348114014,4.023754119873047,3.6176705360412598,4.471343040466309,4.026928424835205,3.1584033966064453,3.911720037460327,3.5311453342437744,2.5001349449157715,4.397608280181885,3.2960362434387207,4.549031734466553,3.5562803745269775,4.24330472946167,2
-307.74981689453125,149.9549560546875,24.41036605834961,7.044149398803711,-34.830162048339844,-27.483417510986328,-50.21310806274414,17.060070037841797,-3.4841432571411133,3.925239324569702,-8.91849136352539,-18.880298614501953,6.580913543701172,-6.3145575523376465,-13.240896224975586,-5.194886684417725,-4.466110706329346,-4.3968400955200195,-30.532390594482422,-17.212221145629883,21.072757720947266,10.528278350830078,10.346169471740723,6.144883155822754,6.605948448181152,6.214846611022949,5.628859996795654,5.133603096008301,5.216475009918213,8.34697437286377,5.324044227600098,6.293365001678467,4.637418270111084,8.265730857849121,5.9906463623046875,3.687993288040161,4.267879486083984,5.6220011711120605,4.6486124992370605,4.561523914337158,3
-189.3297882080078,200.358642578125,7.3136515617370605,33.05555725097656,-25.626815795898438,-20.736103057861328,-69.45214080810547,8.455299377441406,27.01546287536621,-15.71234130859375,-3.7800662517547607,7.491234302520752,3.228031635284424,-2.920971632003784,-8.640973091125488,2.697373867034912,13.523744583129883,-7.206748008728027,-3.547867774963379,-9.646134376525879,19.260732650756836,3.6739749908447266,6.644458770751953,3.7588093280792236,4.6621174812316895,2.3730309009552,4.318175792694092,2.1098382472991943,2.8531577587127686,4.459017276763916,3.2604050636291504,3.1201958656311035,3.223350763320923,3.390810489654541,3.2454752922058105,2.4829189777374268,4.238698482513428,2.889957904815674,1.8457982540130615,2.1119956970214844,3
-300.66705322265625,203.6433563232422,35.24748229980469,21.41190528869629,-24.327075958251953,-30.19533348083496,-49.588356018066406,8.325042724609375,16.90995216369629,4.819607257843018,-15.006827354431152,-4.860807418823242,15.430790901184082,-8.438024520874023,-12.964637756347656,8.918313026428223,-0.18664681911468506,-10.403953552246094,-14.22826099395752,-15.919461250305176,37.12196350097656,9.623189926147461,15.14814281463623,8.845473289489746,5.923283100128174,4.623431205749512,6.569533348083496,6.949253559112549,3.705458641052246,5.230268955230713,4.9296088218688965,4.776179790496826,5.016575813293457,3.3745791912078857,3.5607750415802,3.8383188247680664,3.1374597549438477,3.185307741165161,3.0349884033203125,3.1401853561401367,3
-387.81451416015625,94.37195587158203,28.368913650512695,32.606136322021484,7.9420247077941895,11.770468711853027,-14.557293891906738,-5.126448631286621,8.083917617797852,3.3388476371765137,-0.6629128456115723,-6.1360859870910645,3.5076065063476562,1.3773480653762817,-7.3157501220703125,-1.2050918340682983,-1.3328262567520142,-7.937841415405273,-2.929694890975952,-2.5830695629119873,106.81273651123047,61.525333404541016,31.253498077392578,26.652175903320312,22.01019859313965,27.81456756591797,23.275009155273438,16.984498977661133,11.660709381103516,8.903937339782715,9.480582237243652,13.91441535949707,9.406092643737793,9.840085983276367,10.4951810836792,9.237585067749023,8.812823295593262,12.253179550170898,8.628430366516113,8.452729225158691,3
-275.5708923339844,80.72095489501953,-22.581214904785156,49.27926254272461,21.50662612915039,46.847694396972656,-37.664634704589844,-17.991884231567383,-11.403057098388672,12.783656120300293,-15.339402198791504,-37.62103271484375,1.946002721786499,-5.563815116882324,-19.244617462158203,-9.627262115478516,-20.43509864807129,-10.026302337646484,-9.757699012756348,-9.024188995361328,23.865720748901367,10.53140640258789,11.794581413269043,5.272241115570068,4.816970348358154,4.626278877258301,5.495718002319336,7.823939323425293,4.732236862182617,3.5539937019348145,4.74643087387085,5.544241428375244,4.43004846572876,4.8167924880981445,2.6294147968292236,3.5656158924102783,3.7526888847351074,2.930985689163208,2.879831075668335,3.689417600631714,3
-271.8972473144531,140.92678833007812,-21.004117965698242,60.70601272583008,26.954023361206055,71.61622619628906,-5.689331531524658,-26.876752853393555,4.228539943695068,2.297924518585205,6.283426284790039,-10.954975128173828,-22.471580505371094,-0.15588492155075073,-8.721776962280273,4.582406997680664,-14.030108451843262,-19.78457260131836,-5.320936679840088,8.119760513305664,10.290555953979492,3.744270086288452,4.2521820068359375,3.4793784618377686,3.335963726043701,5.342926502227783,3.073377847671509,3.4212844371795654,3.852153778076172,4.362973213195801,3.237161159515381,2.8937201499938965,2.208394765853882,2.233088493347168,3.3391876220703125,2.444877862930298,1.7800524234771729,2.7217471599578857,2.287222146987915,2.3349452018737793,3
-298.7165832519531,106.67887878417969,-4.082038879394531,89.99214172363281,29.563135147094727,54.93154525756836,-36.65702819824219,-0.9569544196128845,14.22293758392334,7.321760177612305,-13.112576484680176,-22.6846981048584,12.177218437194824,-8.116752624511719,-19.52690315246582,-0.07799700647592545,-10.598417282104492,-26.233190536499023,2.632402181625366,-1.3834630250930786,36.680809020996094,6.457592010498047,17.351905822753906,8.45915699005127,4.768650054931641,5.390791416168213,6.086498737335205,5.168947696685791,4.124965667724609,3.1359500885009766,3.532909870147705,5.033766269683838,3.670389175415039,3.6246140003204346,3.7932205200195312,2.680650472640991,2.836423635482788,4.275063991546631,4.284133434295654,3.3725485801696777,3
-358.641845703125,135.0194091796875,65.57205200195312,64.71484375,-22.2404842376709,7.936282157897949,-34.47727966308594,-35.095375061035156,-16.854562759399414,1.4880189895629883,-8.738624572753906,-21.97334098815918,13.637273788452148,18.051279067993164,-17.719144821166992,-18.210813522338867,5.253250598907471,-28.599136352539062,-12.351975440979004,-10.083649635314941,41.69820785522461,5.171523571014404,7.878732681274414,8.726659774780273,6.6401543617248535,5.213334560394287,5.428778648376465,6.035951137542725,5.419345855712891,4.731765270233154,4.626992702484131,6.576401233673096,3.837796449661255,3.9626624584198,4.4625654220581055,4.78188419342041,4.179903030395508,4.430038928985596,3.6804590225219727,2.4976093769073486,3
-356.0990295410156,182.6442108154297,62.48603057861328,79.73615264892578,-0.7230055928230286,28.545812606811523,-26.013099670410156,-26.101675033569336,6.797526836395264,0.7106705904006958,5.396763801574707,-26.309417724609375,-0.22580185532569885,22.669540405273438,-14.527639389038086,-18.808549880981445,2.624762773513794,-16.34014129638672,-13.195948600769043,-5.947933197021484,25.81889533996582,7.028541088104248,9.094902038574219,4.621208190917969,5.006568431854248,4.3596954345703125,5.151338577270508,4.686175346374512,3.854776382446289,4.124179363250732,5.429224967956543,4.797832012176514,5.1199469566345215,4.239017963409424,3.9536991119384766,3.0293526649475098,3.4462363719940186,3.888620615005493,3.034008264541626,3.182260036468506,3
-363.0414733886719,169.36557006835938,68.36229705810547,76.55584716796875,-15.346207618713379,27.482589721679688,-14.472513198852539,-30.386693954467773,3.479027509689331,-0.27982524037361145,-0.5425364971160889,-23.36084747314453,5.965054035186768,20.441373825073242,-23.896686553955078,-13.367136001586914,4.3669915199279785,-26.374082565307617,-2.843554973602295,-1.8249435424804688,38.27647399902344,4.422604560852051,15.703500747680664,8.33812141418457,5.693394184112549,5.0856428146362305,8.69904613494873,7.163441181182861,4.720061302185059,4.923589706420898,4.614337921142578,4.756195068359375,4.495621204376221,4.0078206062316895,3.7917275428771973,6.392818927764893,4.86460018157959,5.1478495597839355,4.243763446807861,2.7166051864624023,3
-236.90444946289062,168.32350158691406,36.646270751953125,28.442276000976562,7.920590400695801,8.116532325744629,-6.290652275085449,4.552825927734375,-4.420459270477295,-4.796252727508545,-3.246798515319824,1.5459097623825073,-0.9893423914909363,-3.2511494159698486,-4.2208027839660645,-1.7952078580856323,-4.4315924644470215,-3.7542285919189453,-8.194892883300781,-9.170792579650879,13.440048217773438,6.112087726593018,4.492900848388672,5.741282939910889,4.979185104370117,4.853897571563721,3.41778302192688,3.2739224433898926,5.580475807189941,4.105535507202148,3.5454771518707275,3.790933847427368,3.769240140914917,2.7678170204162598,3.275399684906006,2.3653616905212402,4.088825225830078,4.3817243576049805,4.063771724700928,4.123080730438232,3
-257.1591796875,162.91806030273438,49.287899017333984,33.222503662109375,1.9463179111480713,11.149029731750488,4.606298923492432,14.444315910339355,2.7386951446533203,3.7652699947357178,2.4050910472869873,3.0213942527770996,1.2266045808792114,5.841762542724609,0.9789355993270874,-1.1333104372024536,-2.3684771060943604,2.2611870765686035,-2.684957981109619,-2.368579626083374,16.13539695739746,5.7905168533325195,4.899271011352539,3.832780122756958,4.752717971801758,2.521507740020752,4.228087425231934,3.0573174953460693,2.3819289207458496,2.6543309688568115,2.327883720397949,2.569607734680176,2.352065086364746,2.614279270172119,2.653158187866211,1.912591576576233,2.744628429412842,2.885848045349121,2.430039882659912,2.26651668548584,3
-203.2342987060547,182.91748046875,37.14718246459961,24.367769241333008,2.454366683959961,10.142711639404297,3.9516103267669678,10.348031997680664,1.0508023500442505,2.587956666946411,-3.3824331760406494,0.02610662579536438,-0.20925429463386536,-0.267385333776474,-4.833543300628662,-2.0453953742980957,-0.8471221923828125,-1.5096458196640015,-5.334563732147217,-3.3337454795837402,12.41629695892334,7.701471328735352,7.197960376739502,4.497283935546875,6.493208408355713,5.743504524230957,5.010131359100342,4.721370697021484,4.49752140045166,2.9645168781280518,3.6968350410461426,3.4587960243225098,2.575629234313965,2.4732449054718018,3.0716552734375,2.1045987606048584,2.18178129196167,1.8868622779846191,2.284829616546631,3.2292566299438477,3
-301.51434326171875,115.18382263183594,33.56044006347656,31.401073455810547,10.276876449584961,18.321035385131836,6.264171600341797,12.6962251663208,5.250279426574707,6.306300163269043,4.744550704956055,4.393002510070801,3.5699729919433594,2.9341583251953125,1.9711750745773315,2.2471938133239746,0.7857797145843506,1.3327218294143677,-0.6367143392562866,-0.03962024301290512,58.72406005859375,52.24984359741211,18.157800674438477,8.412874221801758,7.7683515548706055,7.465618133544922,6.650672435760498,6.123888969421387,6.212824821472168,5.963635444641113,6.264232635498047,5.155696392059326,5.380537986755371,5.125761032104492,5.127004146575928,5.0027923583984375,5.231681823730469,5.393280982971191,5.303789138793945,5.625298976898193,3
-275.009033203125,147.01431274414062,43.13748550415039,33.72706604003906,8.824734687805176,13.616581916809082,-1.982132077217102,10.667990684509277,3.6071841716766357,2.46520733833313,-4.048056125640869,-2.205986976623535,-1.1381731033325195,-1.1152467727661133,-4.501197338104248,-1.5419011116027832,-3.456993341445923,-3.3484528064727783,-8.06270980834961,-6.124756336212158,9.403877258300781,6.18609094619751,4.744335651397705,4.305150032043457,4.484160423278809,3.4960873126983643,6.104300022125244,3.6250569820404053,3.3771114349365234,2.991549015045166,4.393800735473633,4.055732727050781,3.6623270511627197,2.7583765983581543,4.2668776512146,3.9397354125976562,3.6457760334014893,3.2981765270233154,3.8905093669891357,3.1020288467407227,3
-283.2552185058594,145.93344116210938,53.748050689697266,46.01448440551758,13.053984642028809,18.733379364013672,0.21594955027103424,7.30565071105957,6.604904651641846,8.90914535522461,5.943441390991211,3.7384376525878906,0.4677400290966034,3.1119494438171387,0.38016337156295776,2.742170810699463,-2.684558153152466,0.25306153297424316,-3.8696129322052,-0.912161648273468,16.079498291015625,5.286510467529297,5.44984245300293,4.826120376586914,7.358237266540527,7.911515235900879,6.118998050689697,7.4468793869018555,6.196203708648682,5.560428142547607,4.933128833770752,4.6990647315979,3.3524460792541504,4.394489288330078,3.9084019660949707,3.4634411334991455,2.400117874145508,2.5980446338653564,3.2405025959014893,3.1959683895111084,3
-235.09747314453125,156.976806640625,49.340091705322266,30.33844757080078,-3.309643268585205,11.756900787353516,6.605055809020996,13.871335983276367,-1.068099856376648,0.3459361791610718,0.8982639312744141,2.32273006439209,-1.9831165075302124,0.010136413387954235,-1.4600731134414673,-0.3702642619609833,-3.328871011734009,0.5721169114112854,-2.989896059036255,-1.5991129875183105,8.443644523620605,3.8762645721435547,4.661083221435547,3.36026930809021,5.1058349609375,3.987063407897949,3.0272693634033203,3.468865394592285,2.4204113483428955,3.1942930221557617,2.791010618209839,2.8436756134033203,2.5884344577789307,2.688572406768799,2.376697063446045,2.0993852615356445,2.244964838027954,2.0172781944274902,2.1019997596740723,2.306791305541992,3
-290.6024475097656,132.96444702148438,42.669708251953125,38.854061126708984,11.210758209228516,12.620546340942383,-1.6382344961166382,13.169660568237305,2.814073085784912,0.9623854160308838,-2.935363531112671,-0.09262970089912415,-2.4850447177886963,-2.7565553188323975,-5.345056533813477,-3.604037284851074,-7.104013919830322,-5.433138847351074,-8.676355361938477,-6.965579509735107,12.434959411621094,4.879182815551758,3.287726640701294,2.967740297317505,3.156832456588745,3.330368757247925,4.2610764503479,3.4248132705688477,2.6888952255249023,3.660187244415283,3.0207066535949707,3.005420446395874,3.195549249649048,3.704294443130493,2.9789533615112305,3.5395612716674805,2.4191644191741943,2.7937448024749756,2.9549829959869385,2.651815414428711,3
-290.4041748046875,139.92686462402344,48.26740646362305,36.028385162353516,3.923898458480835,19.975688934326172,7.211620807647705,14.72608470916748,6.473343372344971,4.072562217712402,4.739604949951172,4.834623336791992,2.1463420391082764,3.873425006866455,-0.28592416644096375,1.1458734273910522,-1.7892110347747803,1.6229665279388428,-3.854210376739502,-0.16635052859783173,10.956299781799316,2.7782490253448486,5.517989635467529,3.582476854324341,3.2943079471588135,3.315685272216797,3.524346113204956,3.211778163909912,2.438943862915039,2.1434810161590576,2.4074995517730713,2.5223076343536377,2.182657480239868,1.9069128036499023,2.1494250297546387,2.8386683464050293,2.566240072250366,2.1760647296905518,2.485488176345825,3.1551027297973633,3
-292.6708984375,135.64697265625,41.77663803100586,32.529624938964844,14.490513801574707,19.786884307861328,2.169468402862549,7.384776592254639,0.06885235011577606,9.577323913574219,-0.18151035904884338,3.5064215660095215,-2.1275382041931152,1.8904709815979004,0.1537286788225174,0.8834429979324341,-2.0000007152557373,-0.5062400102615356,-3.6209218502044678,-3.9163200855255127,6.6690897941589355,4.71628999710083,5.793060779571533,2.62390398979187,4.561676979064941,2.6752190589904785,3.280371904373169,3.2530677318573,2.4815125465393066,2.3939590454101562,2.352426767349243,2.3343915939331055,2.244629383087158,2.074774742126465,2.0999813079833984,2.2932956218719482,3.150993585586548,4.172938346862793,3.406407117843628,3.049067974090576,3
